Page Count, Touch Count, Fault Count, Extra Faults
2048, 1, 1, 0
2048, 2, 2, 0
2048, 3, 3, 0
2048, 4, 4, 0
2048, 5, 5, 0
2048, 6, 6, 0
2048, 7, 7, 0
2048, 8, 8, 0
2048, 9, 9, 0
2048, 10, 10, 0
2048, 11, 11, 0
2048, 12, 12, 0
2048, 13, 13, 0
2048, 14, 14, 0
2048, 15, 15, 0
2048, 16, 16, 0
2048, 17, 17, 0
2048, 18, 18, 0
2048, 19, 19, 0
2048, 20, 20, 0
2048, 21, 21, 0
2048, 22, 22, 0
2048, 23, 23, 0
2048, 24, 24, 0
2048, 25, 25, 0
2048, 26, 26, 0
2048, 27, 27, 0
2048, 28, 28, 0
2048, 29, 29, 0
2048, 30, 30, 0
2048, 31, 31, 0
2048, 32, 32, 0
2048, 33, 33, 0
2048, 34, 34, 0
2048, 35, 35, 0
2048, 36, 36, 0
2048, 37, 37, 0
2048, 38, 38, 0
2048, 39, 39, 0
2048, 40, 40, 0
2048, 41, 41, 0
2048, 42, 42, 0
2048, 43, 43, 0
2048, 44, 44, 0
2048, 45, 45, 0
2048, 46, 46, 0
2048, 47, 47, 0
2048, 48, 48, 0
2048, 49, 49, 0
2048, 50, 50, 0
2048, 51, 51, 0
2048, 52, 52, 0
2048, 53, 53, 0
2048, 54, 54, 0
2048, 55, 55, 0
2048, 56, 56, 0
2048, 57, 57, 0
2048, 58, 58, 0
2048, 59, 59, 0
2048, 60, 60, 0
2048, 61, 61, 0
2048, 62, 62, 0
2048, 63, 63, 0
2048, 64, 64, 0
2048, 65, 65, 0
2048, 66, 66, 0
2048, 67, 67, 0
2048, 68, 68, 0
2048, 69, 69, 0
2048, 70, 70, 0
2048, 71, 71, 0
2048, 72, 72, 0
2048, 73, 73, 0
2048, 74, 74, 0
2048, 75, 75, 0
2048, 76, 76, 0
2048, 77, 77, 0
2048, 78, 78, 0
2048, 79, 79, 0
2048, 80, 80, 0
2048, 81, 81, 0
2048, 82, 82, 0
2048, 83, 83, 0
2048, 84, 84, 0
2048, 85, 85, 0
2048, 86, 86, 0
2048, 87, 87, 0
2048, 88, 88, 0
2048, 89, 89, 0
2048, 90, 90, 0
2048, 91, 91, 0
2048, 92, 92, 0
2048, 93, 93, 0
2048, 94, 94, 0
2048, 95, 95, 0
2048, 96, 96, 0
2048, 97, 97, 0
2048, 98, 98, 0
2048, 99, 99, 0
2048, 100, 100, 0
2048, 101, 101, 0
2048, 102, 102, 0
2048, 103, 103, 0
2048, 104, 104, 0
2048, 105, 105, 0
2048, 106, 106, 0
2048, 107, 107, 0
2048, 108, 108, 0
2048, 109, 109, 0
2048, 110, 110, 0
2048, 111, 111, 0
2048, 112, 112, 0
2048, 113, 113, 0
2048, 114, 114, 0
2048, 115, 115, 0
2048, 116, 116, 0
2048, 117, 117, 0
2048, 118, 118, 0
2048, 119, 119, 0
2048, 120, 120, 0
2048, 121, 121, 0
2048, 122, 122, 0
2048, 123, 123, 0
2048, 124, 124, 0
2048, 125, 125, 0
2048, 126, 126, 0
2048, 127, 127, 0
2048, 128, 128, 0
2048, 129, 129, 0
2048, 130, 130, 0
2048, 131, 131, 0
2048, 132, 132, 0
2048, 133, 133, 0
2048, 134, 134, 0
2048, 135, 135, 0
2048, 136, 136, 0
2048, 137, 137, 0
2048, 138, 138, 0
2048, 139, 139, 0
2048, 140, 140, 0
2048, 141, 141, 0
2048, 142, 142, 0
2048, 143, 143, 0
2048, 144, 144, 0
2048, 145, 145, 0
2048, 146, 146, 0
2048, 147, 147, 0
2048, 148, 148, 0
2048, 149, 149, 0
2048, 150, 150, 0
2048, 151, 151, 0
2048, 152, 152, 0
2048, 153, 153, 0
2048, 154, 154, 0
2048, 155, 155, 0
2048, 156, 156, 0
2048, 157, 157, 0
2048, 158, 158, 0
2048, 159, 159, 0
2048, 160, 160, 0
2048, 161, 161, 0
2048, 162, 162, 0
2048, 163, 163, 0
2048, 164, 164, 0
2048, 165, 165, 0
2048, 166, 166, 0
2048, 167, 167, 0
2048, 168, 168, 0
2048, 169, 169, 0
2048, 170, 170, 0
2048, 171, 171, 0
2048, 172, 172, 0
2048, 173, 173, 0
2048, 174, 174, 0
2048, 175, 175, 0
2048, 176, 176, 0
2048, 177, 177, 0
2048, 178, 178, 0
2048, 179, 179, 0
2048, 180, 180, 0
2048, 181, 181, 0
2048, 182, 182, 0
2048, 183, 183, 0
2048, 184, 184, 0
2048, 185, 185, 0
2048, 186, 186, 0
2048, 187, 187, 0
2048, 188, 188, 0
2048, 189, 189, 0
2048, 190, 190, 0
2048, 191, 191, 0
2048, 192, 192, 0
2048, 193, 193, 0
2048, 194, 194, 0
2048, 195, 195, 0
2048, 196, 196, 0
2048, 197, 197, 0
2048, 198, 198, 0
2048, 199, 199, 0
2048, 200, 200, 0
2048, 201, 201, 0
2048, 202, 202, 0
2048, 203, 203, 0
2048, 204, 204, 0
2048, 205, 205, 0
2048, 206, 206, 0
2048, 207, 207, 0
2048, 208, 208, 0
2048, 209, 209, 0
2048, 210, 210, 0
2048, 211, 211, 0
2048, 212, 212, 0
2048, 213, 213, 0
2048, 214, 214, 0
2048, 215, 215, 0
2048, 216, 216, 0
2048, 217, 217, 0
2048, 218, 218, 0
2048, 219, 219, 0
2048, 220, 220, 0
2048, 221, 221, 0
2048, 222, 222, 0
2048, 223, 223, 0
2048, 224, 224, 0
2048, 225, 225, 0
2048, 226, 226, 0
2048, 227, 227, 0
2048, 228, 228, 0
2048, 229, 229, 0
2048, 230, 230, 0
2048, 231, 231, 0
2048, 232, 232, 0
2048, 233, 233, 0
2048, 234, 234, 0
2048, 235, 235, 0
2048, 236, 236, 0
2048, 237, 237, 0
2048, 238, 238, 0
2048, 239, 239, 0
2048, 240, 240, 0
2048, 241, 241, 0
2048, 242, 242, 0
2048, 243, 243, 0
2048, 244, 244, 0
2048, 245, 245, 0
2048, 246, 246, 0
2048, 247, 247, 0
2048, 248, 248, 0
2048, 249, 249, 0
2048, 250, 250, 0
2048, 251, 251, 0
2048, 252, 252, 0
2048, 253, 253, 0
2048, 254, 254, 0
2048, 255, 255, 0
2048, 256, 256, 0
2048, 257, 257, 0
2048, 258, 258, 0
2048, 259, 259, 0
2048, 260, 260, 0
2048, 261, 261, 0
2048, 262, 262, 0
2048, 263, 263, 0
2048, 264, 264, 0
2048, 265, 265, 0
2048, 266, 266, 0
2048, 267, 267, 0
2048, 268, 268, 0
2048, 269, 269, 0
2048, 270, 270, 0
2048, 271, 271, 0
2048, 272, 272, 0
2048, 273, 273, 0
2048, 274, 274, 0
2048, 275, 275, 0
2048, 276, 276, 0
2048, 277, 277, 0
2048, 278, 278, 0
2048, 279, 279, 0
2048, 280, 280, 0
2048, 281, 281, 0
2048, 282, 282, 0
2048, 283, 283, 0
2048, 284, 284, 0
2048, 285, 285, 0
2048, 286, 286, 0
2048, 287, 287, 0
2048, 288, 288, 0
2048, 289, 289, 0
2048, 290, 290, 0
2048, 291, 291, 0
2048, 292, 292, 0
2048, 293, 293, 0
2048, 294, 294, 0
2048, 295, 295, 0
2048, 296, 296, 0
2048, 297, 297, 0
2048, 298, 298, 0
2048, 299, 299, 0
2048, 300, 300, 0
2048, 301, 301, 0
2048, 302, 302, 0
2048, 303, 303, 0
2048, 304, 304, 0
2048, 305, 305, 0
2048, 306, 306, 0
2048, 307, 307, 0
2048, 308, 308, 0
2048, 309, 309, 0
2048, 310, 310, 0
2048, 311, 311, 0
2048, 312, 312, 0
2048, 313, 313, 0
2048, 314, 314, 0
2048, 315, 315, 0
2048, 316, 316, 0
2048, 317, 317, 0
2048, 318, 318, 0
2048, 319, 319, 0
2048, 320, 320, 0
2048, 321, 321, 0
2048, 322, 322, 0
2048, 323, 323, 0
2048, 324, 324, 0
2048, 325, 325, 0
2048, 326, 326, 0
2048, 327, 327, 0
2048, 328, 328, 0
2048, 329, 329, 0
2048, 330, 330, 0
2048, 331, 331, 0
2048, 332, 332, 0
2048, 333, 333, 0
2048, 334, 334, 0
2048, 335, 335, 0
2048, 336, 336, 0
2048, 337, 337, 0
2048, 338, 338, 0
2048, 339, 339, 0
2048, 340, 340, 0
2048, 341, 341, 0
2048, 342, 342, 0
2048, 343, 343, 0
2048, 344, 344, 0
2048, 345, 345, 0
2048, 346, 346, 0
2048, 347, 347, 0
2048, 348, 348, 0
2048, 349, 349, 0
2048, 350, 350, 0
2048, 351, 351, 0
2048, 352, 352, 0
2048, 353, 353, 0
2048, 354, 354, 0
2048, 355, 355, 0
2048, 356, 356, 0
2048, 357, 357, 0
2048, 358, 358, 0
2048, 359, 359, 0
2048, 360, 360, 0
2048, 361, 361, 0
2048, 362, 362, 0
2048, 363, 363, 0
2048, 364, 364, 0
2048, 365, 365, 0
2048, 366, 366, 0
2048, 367, 367, 0
2048, 368, 368, 0
2048, 369, 369, 0
2048, 370, 370, 0
2048, 371, 371, 0
2048, 372, 372, 0
2048, 373, 373, 0
2048, 374, 374, 0
2048, 375, 375, 0
2048, 376, 376, 0
2048, 377, 377, 0
2048, 378, 378, 0
2048, 379, 379, 0
2048, 380, 380, 0
2048, 381, 381, 0
2048, 382, 382, 0
2048, 383, 383, 0
2048, 384, 384, 0
2048, 385, 385, 0
2048, 386, 386, 0
2048, 387, 387, 0
2048, 388, 388, 0
2048, 389, 389, 0
2048, 390, 390, 0
2048, 391, 391, 0
2048, 392, 392, 0
2048, 393, 393, 0
2048, 394, 394, 0
2048, 395, 395, 0
2048, 396, 396, 0
2048, 397, 397, 0
2048, 398, 398, 0
2048, 399, 399, 0
2048, 400, 400, 0
2048, 401, 401, 0
2048, 402, 402, 0
2048, 403, 403, 0
2048, 404, 404, 0
2048, 405, 405, 0
2048, 406, 406, 0
2048, 407, 407, 0
2048, 408, 408, 0
2048, 409, 409, 0
2048, 410, 410, 0
2048, 411, 411, 0
2048, 412, 412, 0
2048, 413, 413, 0
2048, 414, 414, 0
2048, 415, 415, 0
2048, 416, 416, 0
2048, 417, 417, 0
2048, 418, 418, 0
2048, 419, 419, 0
2048, 420, 420, 0
2048, 421, 421, 0
2048, 422, 422, 0
2048, 423, 423, 0
2048, 424, 424, 0
2048, 425, 425, 0
2048, 426, 426, 0
2048, 427, 427, 0
2048, 428, 428, 0
2048, 429, 429, 0
2048, 430, 430, 0
2048, 431, 431, 0
2048, 432, 432, 0
2048, 433, 433, 0
2048, 434, 434, 0
2048, 435, 435, 0
2048, 436, 436, 0
2048, 437, 437, 0
2048, 438, 438, 0
2048, 439, 439, 0
2048, 440, 440, 0
2048, 441, 441, 0
2048, 442, 442, 0
2048, 443, 443, 0
2048, 444, 444, 0
2048, 445, 445, 0
2048, 446, 446, 0
2048, 447, 447, 0
2048, 448, 448, 0
2048, 449, 449, 0
2048, 450, 450, 0
2048, 451, 451, 0
2048, 452, 452, 0
2048, 453, 453, 0
2048, 454, 454, 0
2048, 455, 455, 0
2048, 456, 456, 0
2048, 457, 457, 0
2048, 458, 458, 0
2048, 459, 459, 0
2048, 460, 460, 0
2048, 461, 461, 0
2048, 462, 462, 0
2048, 463, 463, 0
2048, 464, 464, 0
2048, 465, 465, 0
2048, 466, 466, 0
2048, 467, 467, 0
2048, 468, 468, 0
2048, 469, 469, 0
2048, 470, 470, 0
2048, 471, 471, 0
2048, 472, 472, 0
2048, 473, 473, 0
2048, 474, 474, 0
2048, 475, 475, 0
2048, 476, 476, 0
2048, 477, 477, 0
2048, 478, 478, 0
2048, 479, 479, 0
2048, 480, 480, 0
2048, 481, 481, 0
2048, 482, 482, 0
2048, 483, 483, 0
2048, 484, 484, 0
2048, 485, 485, 0
2048, 486, 486, 0
2048, 487, 487, 0
2048, 488, 488, 0
2048, 489, 489, 0
2048, 490, 490, 0
2048, 491, 491, 0
2048, 492, 492, 0
2048, 493, 493, 0
2048, 494, 494, 0
2048, 495, 495, 0
2048, 496, 496, 0
2048, 497, 497, 0
2048, 498, 498, 0
2048, 499, 499, 0
2048, 500, 500, 0
2048, 501, 501, 0
2048, 502, 502, 0
2048, 503, 503, 0
2048, 504, 504, 0
2048, 505, 505, 0
2048, 506, 506, 0
2048, 507, 507, 0
2048, 508, 508, 0
2048, 509, 509, 0
2048, 510, 510, 0
2048, 511, 511, 0
2048, 512, 512, 0
2048, 513, 513, 0
2048, 514, 514, 0
2048, 515, 515, 0
2048, 516, 516, 0
2048, 517, 517, 0
2048, 518, 518, 0
2048, 519, 519, 0
2048, 520, 520, 0
2048, 521, 521, 0
2048, 522, 522, 0
2048, 523, 523, 0
2048, 524, 524, 0
2048, 525, 525, 0
2048, 526, 526, 0
2048, 527, 527, 0
2048, 528, 528, 0
2048, 529, 529, 0
2048, 530, 530, 0
2048, 531, 531, 0
2048, 532, 532, 0
2048, 533, 533, 0
2048, 534, 534, 0
2048, 535, 535, 0
2048, 536, 536, 0
2048, 537, 537, 0
2048, 538, 538, 0
2048, 539, 539, 0
2048, 540, 540, 0
2048, 541, 541, 0
2048, 542, 542, 0
2048, 543, 543, 0
2048, 544, 544, 0
2048, 545, 545, 0
2048, 546, 546, 0
2048, 547, 547, 0
2048, 548, 548, 0
2048, 549, 549, 0
2048, 550, 550, 0
2048, 551, 551, 0
2048, 552, 552, 0
2048, 553, 553, 0
2048, 554, 554, 0
2048, 555, 555, 0
2048, 556, 556, 0
2048, 557, 557, 0
2048, 558, 558, 0
2048, 559, 559, 0
2048, 560, 560, 0
2048, 561, 561, 0
2048, 562, 562, 0
2048, 563, 563, 0
2048, 564, 564, 0
2048, 565, 565, 0
2048, 566, 566, 0
2048, 567, 567, 0
2048, 568, 568, 0
2048, 569, 569, 0
2048, 570, 570, 0
2048, 571, 571, 0
2048, 572, 572, 0
2048, 573, 573, 0
2048, 574, 574, 0
2048, 575, 575, 0
2048, 576, 576, 0
2048, 577, 577, 0
2048, 578, 578, 0
2048, 579, 579, 0
2048, 580, 580, 0
2048, 581, 581, 0
2048, 582, 582, 0
2048, 583, 583, 0
2048, 584, 584, 0
2048, 585, 585, 0
2048, 586, 586, 0
2048, 587, 587, 0
2048, 588, 588, 0
2048, 589, 589, 0
2048, 590, 590, 0
2048, 591, 591, 0
2048, 592, 592, 0
2048, 593, 593, 0
2048, 594, 594, 0
2048, 595, 595, 0
2048, 596, 596, 0
2048, 597, 597, 0
2048, 598, 598, 0
2048, 599, 599, 0
2048, 600, 600, 0
2048, 601, 601, 0
2048, 602, 602, 0
2048, 603, 603, 0
2048, 604, 604, 0
2048, 605, 605, 0
2048, 606, 606, 0
2048, 607, 607, 0
2048, 608, 608, 0
2048, 609, 609, 0
2048, 610, 610, 0
2048, 611, 611, 0
2048, 612, 612, 0
2048, 613, 613, 0
2048, 614, 614, 0
2048, 615, 615, 0
2048, 616, 616, 0
2048, 617, 617, 0
2048, 618, 618, 0
2048, 619, 619, 0
2048, 620, 620, 0
2048, 621, 621, 0
2048, 622, 622, 0
2048, 623, 623, 0
2048, 624, 624, 0
2048, 625, 625, 0
2048, 626, 626, 0
2048, 627, 627, 0
2048, 628, 628, 0
2048, 629, 629, 0
2048, 630, 630, 0
2048, 631, 631, 0
2048, 632, 632, 0
2048, 633, 633, 0
2048, 634, 634, 0
2048, 635, 635, 0
2048, 636, 636, 0
2048, 637, 637, 0
2048, 638, 638, 0
2048, 639, 639, 0
2048, 640, 640, 0
2048, 641, 641, 0
2048, 642, 642, 0
2048, 643, 643, 0
2048, 644, 644, 0
2048, 645, 645, 0
2048, 646, 646, 0
2048, 647, 647, 0
2048, 648, 648, 0
2048, 649, 649, 0
2048, 650, 650, 0
2048, 651, 651, 0
2048, 652, 652, 0
2048, 653, 653, 0
2048, 654, 654, 0
2048, 655, 655, 0
2048, 656, 656, 0
2048, 657, 657, 0
2048, 658, 658, 0
2048, 659, 659, 0
2048, 660, 660, 0
2048, 661, 661, 0
2048, 662, 662, 0
2048, 663, 663, 0
2048, 664, 664, 0
2048, 665, 665, 0
2048, 666, 666, 0
2048, 667, 667, 0
2048, 668, 668, 0
2048, 669, 669, 0
2048, 670, 670, 0
2048, 671, 671, 0
2048, 672, 672, 0
2048, 673, 673, 0
2048, 674, 674, 0
2048, 675, 675, 0
2048, 676, 676, 0
2048, 677, 677, 0
2048, 678, 678, 0
2048, 679, 679, 0
2048, 680, 680, 0
2048, 681, 681, 0
2048, 682, 682, 0
2048, 683, 683, 0
2048, 684, 684, 0
2048, 685, 685, 0
2048, 686, 686, 0
2048, 687, 687, 0
2048, 688, 688, 0
2048, 689, 689, 0
2048, 690, 690, 0
2048, 691, 691, 0
2048, 692, 692, 0
2048, 693, 693, 0
2048, 694, 694, 0
2048, 695, 695, 0
2048, 696, 696, 0
2048, 697, 697, 0
2048, 698, 698, 0
2048, 699, 699, 0
2048, 700, 700, 0
2048, 701, 701, 0
2048, 702, 702, 0
2048, 703, 703, 0
2048, 704, 704, 0
2048, 705, 705, 0
2048, 706, 706, 0
2048, 707, 707, 0
2048, 708, 708, 0
2048, 709, 709, 0
2048, 710, 710, 0
2048, 711, 711, 0
2048, 712, 712, 0
2048, 713, 713, 0
2048, 714, 714, 0
2048, 715, 715, 0
2048, 716, 716, 0
2048, 717, 717, 0
2048, 718, 718, 0
2048, 719, 719, 0
2048, 720, 720, 0
2048, 721, 721, 0
2048, 722, 722, 0
2048, 723, 723, 0
2048, 724, 724, 0
2048, 725, 725, 0
2048, 726, 726, 0
2048, 727, 727, 0
2048, 728, 728, 0
2048, 729, 729, 0
2048, 730, 730, 0
2048, 731, 731, 0
2048, 732, 732, 0
2048, 733, 733, 0
2048, 734, 734, 0
2048, 735, 735, 0
2048, 736, 736, 0
2048, 737, 737, 0
2048, 738, 738, 0
2048, 739, 739, 0
2048, 740, 740, 0
2048, 741, 741, 0
2048, 742, 742, 0
2048, 743, 743, 0
2048, 744, 744, 0
2048, 745, 745, 0
2048, 746, 746, 0
2048, 747, 747, 0
2048, 748, 748, 0
2048, 749, 749, 0
2048, 750, 750, 0
2048, 751, 751, 0
2048, 752, 752, 0
2048, 753, 753, 0
2048, 754, 754, 0
2048, 755, 755, 0
2048, 756, 756, 0
2048, 757, 757, 0
2048, 758, 758, 0
2048, 759, 759, 0
2048, 760, 760, 0
2048, 761, 761, 0
2048, 762, 762, 0
2048, 763, 763, 0
2048, 764, 764, 0
2048, 765, 765, 0
2048, 766, 766, 0
2048, 767, 767, 0
2048, 768, 768, 0
2048, 769, 769, 0
2048, 770, 770, 0
2048, 771, 771, 0
2048, 772, 772, 0
2048, 773, 773, 0
2048, 774, 774, 0
2048, 775, 775, 0
2048, 776, 776, 0
2048, 777, 777, 0
2048, 778, 778, 0
2048, 779, 779, 0
2048, 780, 780, 0
2048, 781, 781, 0
2048, 782, 782, 0
2048, 783, 783, 0
2048, 784, 784, 0
2048, 785, 785, 0
2048, 786, 786, 0
2048, 787, 787, 0
2048, 788, 788, 0
2048, 789, 789, 0
2048, 790, 790, 0
2048, 791, 791, 0
2048, 792, 792, 0
2048, 793, 793, 0
2048, 794, 794, 0
2048, 795, 795, 0
2048, 796, 796, 0
2048, 797, 797, 0
2048, 798, 798, 0
2048, 799, 799, 0
2048, 800, 800, 0
2048, 801, 801, 0
2048, 802, 802, 0
2048, 803, 803, 0
2048, 804, 804, 0
2048, 805, 805, 0
2048, 806, 806, 0
2048, 807, 807, 0
2048, 808, 808, 0
2048, 809, 809, 0
2048, 810, 810, 0
2048, 811, 811, 0
2048, 812, 812, 0
2048, 813, 813, 0
2048, 814, 814, 0
2048, 815, 815, 0
2048, 816, 816, 0
2048, 817, 817, 0
2048, 818, 818, 0
2048, 819, 819, 0
2048, 820, 820, 0
2048, 821, 821, 0
2048, 822, 822, 0
2048, 823, 823, 0
2048, 824, 824, 0
2048, 825, 825, 0
2048, 826, 826, 0
2048, 827, 827, 0
2048, 828, 828, 0
2048, 829, 829, 0
2048, 830, 830, 0
2048, 831, 831, 0
2048, 832, 832, 0
2048, 833, 833, 0
2048, 834, 834, 0
2048, 835, 835, 0
2048, 836, 836, 0
2048, 837, 837, 0
2048, 838, 838, 0
2048, 839, 839, 0
2048, 840, 840, 0
2048, 841, 841, 0
2048, 842, 842, 0
2048, 843, 843, 0
2048, 844, 844, 0
2048, 845, 845, 0
2048, 846, 846, 0
2048, 847, 847, 0
2048, 848, 848, 0
2048, 849, 849, 0
2048, 850, 850, 0
2048, 851, 851, 0
2048, 852, 852, 0
2048, 853, 853, 0
2048, 854, 854, 0
2048, 855, 855, 0
2048, 856, 856, 0
2048, 857, 857, 0
2048, 858, 858, 0
2048, 859, 859, 0
2048, 860, 860, 0
2048, 861, 861, 0
2048, 862, 862, 0
2048, 863, 863, 0
2048, 864, 864, 0
2048, 865, 865, 0
2048, 866, 866, 0
2048, 867, 867, 0
2048, 868, 868, 0
2048, 869, 869, 0
2048, 870, 870, 0
2048, 871, 871, 0
2048, 872, 872, 0
2048, 873, 873, 0
2048, 874, 874, 0
2048, 875, 875, 0
2048, 876, 876, 0
2048, 877, 877, 0
2048, 878, 878, 0
2048, 879, 879, 0
2048, 880, 880, 0
2048, 881, 881, 0
2048, 882, 882, 0
2048, 883, 883, 0
2048, 884, 884, 0
2048, 885, 885, 0
2048, 886, 886, 0
2048, 887, 887, 0
2048, 888, 888, 0
2048, 889, 889, 0
2048, 890, 890, 0
2048, 891, 891, 0
2048, 892, 892, 0
2048, 893, 893, 0
2048, 894, 894, 0
2048, 895, 895, 0
2048, 896, 896, 0
2048, 897, 897, 0
2048, 898, 898, 0
2048, 899, 899, 0
2048, 900, 900, 0
2048, 901, 901, 0
2048, 902, 902, 0
2048, 903, 903, 0
2048, 904, 904, 0
2048, 905, 905, 0
2048, 906, 906, 0
2048, 907, 907, 0
2048, 908, 908, 0
2048, 909, 909, 0
2048, 910, 910, 0
2048, 911, 911, 0
2048, 912, 912, 0
2048, 913, 913, 0
2048, 914, 914, 0
2048, 915, 915, 0
2048, 916, 916, 0
2048, 917, 917, 0
2048, 918, 918, 0
2048, 919, 919, 0
2048, 920, 920, 0
2048, 921, 921, 0
2048, 922, 922, 0
2048, 923, 923, 0
2048, 924, 924, 0
2048, 925, 925, 0
2048, 926, 926, 0
2048, 927, 927, 0
2048, 928, 928, 0
2048, 929, 929, 0
2048, 930, 930, 0
2048, 931, 931, 0
2048, 932, 932, 0
2048, 933, 933, 0
2048, 934, 934, 0
2048, 935, 935, 0
2048, 936, 936, 0
2048, 937, 937, 0
2048, 938, 938, 0
2048, 939, 939, 0
2048, 940, 940, 0
2048, 941, 941, 0
2048, 942, 942, 0
2048, 943, 943, 0
2048, 944, 944, 0
2048, 945, 945, 0
2048, 946, 946, 0
2048, 947, 947, 0
2048, 948, 948, 0
2048, 949, 949, 0
2048, 950, 950, 0
2048, 951, 951, 0
2048, 952, 952, 0
2048, 953, 953, 0
2048, 954, 954, 0
2048, 955, 955, 0
2048, 956, 956, 0
2048, 957, 957, 0
2048, 958, 958, 0
2048, 959, 959, 0
2048, 960, 960, 0
2048, 961, 961, 0
2048, 962, 962, 0
2048, 963, 963, 0
2048, 964, 964, 0
2048, 965, 965, 0
2048, 966, 966, 0
2048, 967, 967, 0
2048, 968, 968, 0
2048, 969, 969, 0
2048, 970, 970, 0
2048, 971, 971, 0
2048, 972, 972, 0
2048, 973, 973, 0
2048, 974, 974, 0
2048, 975, 975, 0
2048, 976, 976, 0
2048, 977, 977, 0
2048, 978, 978, 0
2048, 979, 979, 0
2048, 980, 980, 0
2048, 981, 981, 0
2048, 982, 982, 0
2048, 983, 983, 0
2048, 984, 984, 0
2048, 985, 985, 0
2048, 986, 986, 0
2048, 987, 987, 0
2048, 988, 988, 0
2048, 989, 989, 0
2048, 990, 990, 0
2048, 991, 991, 0
2048, 992, 992, 0
2048, 993, 993, 0
2048, 994, 994, 0
2048, 995, 995, 0
2048, 996, 996, 0
2048, 997, 997, 0
2048, 998, 998, 0
2048, 999, 999, 0
2048, 1000, 1000, 0
2048, 1001, 1001, 0
2048, 1002, 1002, 0
2048, 1003, 1003, 0
2048, 1004, 1004, 0
2048, 1005, 1005, 0
2048, 1006, 1006, 0
2048, 1007, 1007, 0
2048, 1008, 1008, 0
2048, 1009, 1009, 0
2048, 1010, 1010, 0
2048, 1011, 1011, 0
2048, 1012, 1012, 0
2048, 1013, 1013, 0
2048, 1014, 1014, 0
2048, 1015, 1015, 0
2048, 1016, 1016, 0
2048, 1017, 1017, 0
2048, 1018, 1018, 0
2048, 1019, 1019, 0
2048, 1020, 1020, 0
2048, 1021, 1021, 0
2048, 1022, 1022, 0
2048, 1023, 1023, 0
2048, 1024, 1024, 0
2048, 1025, 1025, 0
2048, 1026, 1026, 0
2048, 1027, 1027, 0
2048, 1028, 1028, 0
2048, 1029, 1029, 0
2048, 1030, 1030, 0
2048, 1031, 1031, 0
2048, 1032, 1032, 0
2048, 1033, 1033, 0
2048, 1034, 1034, 0
2048, 1035, 1035, 0
2048, 1036, 1036, 0
2048, 1037, 1037, 0
2048, 1038, 1038, 0
2048, 1039, 1039, 0
2048, 1040, 1040, 0
2048, 1041, 1041, 0
2048, 1042, 1042, 0
2048, 1043, 1043, 0
2048, 1044, 1044, 0
2048, 1045, 1045, 0
2048, 1046, 1046, 0
2048, 1047, 1047, 0
2048, 1048, 1048, 0
2048, 1049, 1049, 0
2048, 1050, 1050, 0
2048, 1051, 1051, 0
2048, 1052, 1052, 0
2048, 1053, 1053, 0
2048, 1054, 1054, 0
2048, 1055, 1055, 0
2048, 1056, 1056, 0
2048, 1057, 1057, 0
2048, 1058, 1058, 0
2048, 1059, 1059, 0
2048, 1060, 1060, 0
2048, 1061, 1061, 0
2048, 1062, 1062, 0
2048, 1063, 1063, 0
2048, 1064, 1064, 0
2048, 1065, 1065, 0
2048, 1066, 1066, 0
2048, 1067, 1067, 0
2048, 1068, 1068, 0
2048, 1069, 1069, 0
2048, 1070, 1070, 0
2048, 1071, 1071, 0
2048, 1072, 1072, 0
2048, 1073, 1073, 0
2048, 1074, 1074, 0
2048, 1075, 1075, 0
2048, 1076, 1076, 0
2048, 1077, 1077, 0
2048, 1078, 1078, 0
2048, 1079, 1079, 0
2048, 1080, 1080, 0
2048, 1081, 1081, 0
2048, 1082, 1082, 0
2048, 1083, 1083, 0
2048, 1084, 1084, 0
2048, 1085, 1085, 0
2048, 1086, 1086, 0
2048, 1087, 1087, 0
2048, 1088, 1088, 0
2048, 1089, 1089, 0
2048, 1090, 1090, 0
2048, 1091, 1091, 0
2048, 1092, 1092, 0
2048, 1093, 1093, 0
2048, 1094, 1094, 0
2048, 1095, 1095, 0
2048, 1096, 1096, 0
2048, 1097, 1097, 0
2048, 1098, 1098, 0
2048, 1099, 1099, 0
2048, 1100, 1100, 0
2048, 1101, 1101, 0
2048, 1102, 1102, 0
2048, 1103, 1103, 0
2048, 1104, 1104, 0
2048, 1105, 1105, 0
2048, 1106, 1106, 0
2048, 1107, 1107, 0
2048, 1108, 1108, 0
2048, 1109, 1109, 0
2048, 1110, 1110, 0
2048, 1111, 1111, 0
2048, 1112, 1112, 0
2048, 1113, 1113, 0
2048, 1114, 1114, 0
2048, 1115, 1115, 0
2048, 1116, 1116, 0
2048, 1117, 1117, 0
2048, 1118, 1118, 0
2048, 1119, 1119, 0
2048, 1120, 1120, 0
2048, 1121, 1121, 0
2048, 1122, 1122, 0
2048, 1123, 1123, 0
2048, 1124, 1124, 0
2048, 1125, 1125, 0
2048, 1126, 1126, 0
2048, 1127, 1127, 0
2048, 1128, 1128, 0
2048, 1129, 1129, 0
2048, 1130, 1130, 0
2048, 1131, 1131, 0
2048, 1132, 1132, 0
2048, 1133, 1133, 0
2048, 1134, 1134, 0
2048, 1135, 1135, 0
2048, 1136, 1136, 0
2048, 1137, 1137, 0
2048, 1138, 1138, 0
2048, 1139, 1139, 0
2048, 1140, 1140, 0
2048, 1141, 1141, 0
2048, 1142, 1142, 0
2048, 1143, 1143, 0
2048, 1144, 1144, 0
2048, 1145, 1145, 0
2048, 1146, 1146, 0
2048, 1147, 1147, 0
2048, 1148, 1148, 0
2048, 1149, 1149, 0
2048, 1150, 1150, 0
2048, 1151, 1151, 0
2048, 1152, 1152, 0
2048, 1153, 1153, 0
2048, 1154, 1154, 0
2048, 1155, 1155, 0
2048, 1156, 1156, 0
2048, 1157, 1157, 0
2048, 1158, 1158, 0
2048, 1159, 1159, 0
2048, 1160, 1160, 0
2048, 1161, 1161, 0
2048, 1162, 1162, 0
2048, 1163, 1163, 0
2048, 1164, 1164, 0
2048, 1165, 1165, 0
2048, 1166, 1166, 0
2048, 1167, 1167, 0
2048, 1168, 1168, 0
2048, 1169, 1169, 0
2048, 1170, 1170, 0
2048, 1171, 1171, 0
2048, 1172, 1172, 0
2048, 1173, 1173, 0
2048, 1174, 1174, 0
2048, 1175, 1175, 0
2048, 1176, 1176, 0
2048, 1177, 1177, 0
2048, 1178, 1178, 0
2048, 1179, 1179, 0
2048, 1180, 1180, 0
2048, 1181, 1181, 0
2048, 1182, 1182, 0
2048, 1183, 1183, 0
2048, 1184, 1184, 0
2048, 1185, 1185, 0
2048, 1186, 1186, 0
2048, 1187, 1187, 0
2048, 1188, 1188, 0
2048, 1189, 1189, 0
2048, 1190, 1190, 0
2048, 1191, 1191, 0
2048, 1192, 1192, 0
2048, 1193, 1193, 0
2048, 1194, 1194, 0
2048, 1195, 1195, 0
2048, 1196, 1196, 0
2048, 1197, 1197, 0
2048, 1198, 1198, 0
2048, 1199, 1199, 0
2048, 1200, 1200, 0
2048, 1201, 1201, 0
2048, 1202, 1202, 0
2048, 1203, 1203, 0
2048, 1204, 1204, 0
2048, 1205, 1205, 0
2048, 1206, 1206, 0
2048, 1207, 1207, 0
2048, 1208, 1208, 0
2048, 1209, 1209, 0
2048, 1210, 1210, 0
2048, 1211, 1211, 0
2048, 1212, 1212, 0
2048, 1213, 1213, 0
2048, 1214, 1214, 0
2048, 1215, 1215, 0
2048, 1216, 1216, 0
2048, 1217, 1217, 0
2048, 1218, 1218, 0
2048, 1219, 1219, 0
2048, 1220, 1220, 0
2048, 1221, 1221, 0
2048, 1222, 1222, 0
2048, 1223, 1223, 0
2048, 1224, 1224, 0
2048, 1225, 1225, 0
2048, 1226, 1226, 0
2048, 1227, 1227, 0
2048, 1228, 1228, 0
2048, 1229, 1229, 0
2048, 1230, 1230, 0
2048, 1231, 1231, 0
2048, 1232, 1232, 0
2048, 1233, 1233, 0
2048, 1234, 1234, 0
2048, 1235, 1235, 0
2048, 1236, 1236, 0
2048, 1237, 1237, 0
2048, 1238, 1238, 0
2048, 1239, 1239, 0
2048, 1240, 1240, 0
2048, 1241, 1241, 0
2048, 1242, 1242, 0
2048, 1243, 1243, 0
2048, 1244, 1244, 0
2048, 1245, 1245, 0
2048, 1246, 1246, 0
2048, 1247, 1247, 0
2048, 1248, 1248, 0
2048, 1249, 1249, 0
2048, 1250, 1250, 0
2048, 1251, 1251, 0
2048, 1252, 1252, 0
2048, 1253, 1253, 0
2048, 1254, 1254, 0
2048, 1255, 1255, 0
2048, 1256, 1256, 0
2048, 1257, 1257, 0
2048, 1258, 1258, 0
2048, 1259, 1259, 0
2048, 1260, 1260, 0
2048, 1261, 1261, 0
2048, 1262, 1262, 0
2048, 1263, 1263, 0
2048, 1264, 1264, 0
2048, 1265, 1265, 0
2048, 1266, 1266, 0
2048, 1267, 1267, 0
2048, 1268, 1268, 0
2048, 1269, 1269, 0
2048, 1270, 1270, 0
2048, 1271, 1271, 0
2048, 1272, 1272, 0
2048, 1273, 1273, 0
2048, 1274, 1274, 0
2048, 1275, 1275, 0
2048, 1276, 1276, 0
2048, 1277, 1277, 0
2048, 1278, 1278, 0
2048, 1279, 1279, 0
2048, 1280, 1280, 0
2048, 1281, 1281, 0
2048, 1282, 1282, 0
2048, 1283, 1283, 0
2048, 1284, 1284, 0
2048, 1285, 1285, 0
2048, 1286, 1286, 0
2048, 1287, 1287, 0
2048, 1288, 1288, 0
2048, 1289, 1289, 0
2048, 1290, 1290, 0
2048, 1291, 1291, 0
2048, 1292, 1292, 0
2048, 1293, 1293, 0
2048, 1294, 1294, 0
2048, 1295, 1295, 0
2048, 1296, 1296, 0
2048, 1297, 1297, 0
2048, 1298, 1298, 0
2048, 1299, 1299, 0
2048, 1300, 1300, 0
2048, 1301, 1301, 0
2048, 1302, 1302, 0
2048, 1303, 1303, 0
2048, 1304, 1304, 0
2048, 1305, 1305, 0
2048, 1306, 1306, 0
2048, 1307, 1307, 0
2048, 1308, 1308, 0
2048, 1309, 1309, 0
2048, 1310, 1310, 0
2048, 1311, 1311, 0
2048, 1312, 1312, 0
2048, 1313, 1313, 0
2048, 1314, 1314, 0
2048, 1315, 1315, 0
2048, 1316, 1316, 0
2048, 1317, 1317, 0
2048, 1318, 1318, 0
2048, 1319, 1319, 0
2048, 1320, 1320, 0
2048, 1321, 1321, 0
2048, 1322, 1322, 0
2048, 1323, 1323, 0
2048, 1324, 1324, 0
2048, 1325, 1325, 0
2048, 1326, 1326, 0
2048, 1327, 1327, 0
2048, 1328, 1328, 0
2048, 1329, 1329, 0
2048, 1330, 1330, 0
2048, 1331, 1331, 0
2048, 1332, 1332, 0
2048, 1333, 1333, 0
2048, 1334, 1334, 0
2048, 1335, 1335, 0
2048, 1336, 1336, 0
2048, 1337, 1337, 0
2048, 1338, 1338, 0
2048, 1339, 1339, 0
2048, 1340, 1340, 0
2048, 1341, 1341, 0
2048, 1342, 1342, 0
2048, 1343, 1343, 0
2048, 1344, 1344, 0
2048, 1345, 1345, 0
2048, 1346, 1346, 0
2048, 1347, 1347, 0
2048, 1348, 1348, 0
2048, 1349, 1349, 0
2048, 1350, 1350, 0
2048, 1351, 1351, 0
2048, 1352, 1352, 0
2048, 1353, 1353, 0
2048, 1354, 1354, 0
2048, 1355, 1355, 0
2048, 1356, 1356, 0
2048, 1357, 1357, 0
2048, 1358, 1358, 0
2048, 1359, 1359, 0
2048, 1360, 1360, 0
2048, 1361, 1361, 0
2048, 1362, 1362, 0
2048, 1363, 1363, 0
2048, 1364, 1364, 0
2048, 1365, 1365, 0
2048, 1366, 1366, 0
2048, 1367, 1367, 0
2048, 1368, 1368, 0
2048, 1369, 1369, 0
2048, 1370, 1370, 0
2048, 1371, 1371, 0
2048, 1372, 1372, 0
2048, 1373, 1373, 0
2048, 1374, 1374, 0
2048, 1375, 1375, 0
2048, 1376, 1376, 0
2048, 1377, 1377, 0
2048, 1378, 1378, 0
2048, 1379, 1379, 0
2048, 1380, 1380, 0
2048, 1381, 1381, 0
2048, 1382, 1382, 0
2048, 1383, 1383, 0
2048, 1384, 1384, 0
2048, 1385, 1385, 0
2048, 1386, 1386, 0
2048, 1387, 1387, 0
2048, 1388, 1388, 0
2048, 1389, 1389, 0
2048, 1390, 1390, 0
2048, 1391, 1391, 0
2048, 1392, 1392, 0
2048, 1393, 1393, 0
2048, 1394, 1394, 0
2048, 1395, 1395, 0
2048, 1396, 1396, 0
2048, 1397, 1397, 0
2048, 1398, 1398, 0
2048, 1399, 1399, 0
2048, 1400, 1400, 0
2048, 1401, 1401, 0
2048, 1402, 1402, 0
2048, 1403, 1403, 0
2048, 1404, 1404, 0
2048, 1405, 1405, 0
2048, 1406, 1406, 0
2048, 1407, 1407, 0
2048, 1408, 1408, 0
2048, 1409, 1409, 0
2048, 1410, 1410, 0
2048, 1411, 1411, 0
2048, 1412, 1412, 0
2048, 1413, 1413, 0
2048, 1414, 1414, 0
2048, 1415, 1415, 0
2048, 1416, 1416, 0
2048, 1417, 1417, 0
2048, 1418, 1418, 0
2048, 1419, 1419, 0
2048, 1420, 1420, 0
2048, 1421, 1421, 0
2048, 1422, 1422, 0
2048, 1423, 1423, 0
2048, 1424, 1424, 0
2048, 1425, 1425, 0
2048, 1426, 1426, 0
2048, 1427, 1427, 0
2048, 1428, 1428, 0
2048, 1429, 1429, 0
2048, 1430, 1430, 0
2048, 1431, 1431, 0
2048, 1432, 1432, 0
2048, 1433, 1433, 0
2048, 1434, 1434, 0
2048, 1435, 1435, 0
2048, 1436, 1436, 0
2048, 1437, 1437, 0
2048, 1438, 1438, 0
2048, 1439, 1439, 0
2048, 1440, 1440, 0
2048, 1441, 1441, 0
2048, 1442, 1442, 0
2048, 1443, 1443, 0
2048, 1444, 1444, 0
2048, 1445, 1445, 0
2048, 1446, 1446, 0
2048, 1447, 1447, 0
2048, 1448, 1448, 0
2048, 1449, 1449, 0
2048, 1450, 1450, 0
2048, 1451, 1451, 0
2048, 1452, 1452, 0
2048, 1453, 1453, 0
2048, 1454, 1454, 0
2048, 1455, 1455, 0
2048, 1456, 1456, 0
2048, 1457, 1457, 0
2048, 1458, 1458, 0
2048, 1459, 1459, 0
2048, 1460, 1460, 0
2048, 1461, 1461, 0
2048, 1462, 1462, 0
2048, 1463, 1463, 0
2048, 1464, 1464, 0
2048, 1465, 1465, 0
2048, 1466, 1466, 0
2048, 1467, 1467, 0
2048, 1468, 1468, 0
2048, 1469, 1469, 0
2048, 1470, 1470, 0
2048, 1471, 1471, 0
2048, 1472, 1472, 0
2048, 1473, 1473, 0
2048, 1474, 1474, 0
2048, 1475, 1475, 0
2048, 1476, 1476, 0
2048, 1477, 1477, 0
2048, 1478, 1478, 0
2048, 1479, 1479, 0
2048, 1480, 1480, 0
2048, 1481, 1481, 0
2048, 1482, 1482, 0
2048, 1483, 1483, 0
2048, 1484, 1484, 0
2048, 1485, 1485, 0
2048, 1486, 1486, 0
2048, 1487, 1487, 0
2048, 1488, 1488, 0
2048, 1489, 1489, 0
2048, 1490, 1490, 0
2048, 1491, 1491, 0
2048, 1492, 1492, 0
2048, 1493, 1493, 0
2048, 1494, 1494, 0
2048, 1495, 1495, 0
2048, 1496, 1496, 0
2048, 1497, 1497, 0
2048, 1498, 1498, 0
2048, 1499, 1499, 0
2048, 1500, 1500, 0
2048, 1501, 1501, 0
2048, 1502, 1502, 0
2048, 1503, 1503, 0
2048, 1504, 1504, 0
2048, 1505, 1505, 0
2048, 1506, 1506, 0
2048, 1507, 1507, 0
2048, 1508, 1508, 0
2048, 1509, 1509, 0
2048, 1510, 1510, 0
2048, 1511, 1511, 0
2048, 1512, 1512, 0
2048, 1513, 1513, 0
2048, 1514, 1514, 0
2048, 1515, 1515, 0
2048, 1516, 1516, 0
2048, 1517, 1517, 0
2048, 1518, 1518, 0
2048, 1519, 1519, 0
2048, 1520, 1520, 0
2048, 1521, 1521, 0
2048, 1522, 1522, 0
2048, 1523, 1523, 0
2048, 1524, 1524, 0
2048, 1525, 1525, 0
2048, 1526, 1526, 0
2048, 1527, 1527, 0
2048, 1528, 1528, 0
2048, 1529, 1529, 0
2048, 1530, 1530, 0
2048, 1531, 1531, 0
2048, 1532, 1532, 0
2048, 1533, 1533, 0
2048, 1534, 1534, 0
2048, 1535, 1535, 0
2048, 1536, 1536, 0
2048, 1537, 1537, 0
2048, 1538, 1538, 0
2048, 1539, 1539, 0
2048, 1540, 1540, 0
2048, 1541, 1541, 0
2048, 1542, 1542, 0
2048, 1543, 1543, 0
2048, 1544, 1544, 0
2048, 1545, 1545, 0
2048, 1546, 1546, 0
2048, 1547, 1547, 0
2048, 1548, 1548, 0
2048, 1549, 1549, 0
2048, 1550, 1550, 0
2048, 1551, 1551, 0
2048, 1552, 1552, 0
2048, 1553, 1553, 0
2048, 1554, 1554, 0
2048, 1555, 1555, 0
2048, 1556, 1556, 0
2048, 1557, 1557, 0
2048, 1558, 1558, 0
2048, 1559, 1559, 0
2048, 1560, 1560, 0
2048, 1561, 1561, 0
2048, 1562, 1562, 0
2048, 1563, 1563, 0
2048, 1564, 1564, 0
2048, 1565, 1565, 0
2048, 1566, 1566, 0
2048, 1567, 1567, 0
2048, 1568, 1568, 0
2048, 1569, 1569, 0
2048, 1570, 1570, 0
2048, 1571, 1571, 0
2048, 1572, 1572, 0
2048, 1573, 1573, 0
2048, 1574, 1574, 0
2048, 1575, 1575, 0
2048, 1576, 1576, 0
2048, 1577, 1577, 0
2048, 1578, 1578, 0
2048, 1579, 1579, 0
2048, 1580, 1580, 0
2048, 1581, 1581, 0
2048, 1582, 1582, 0
2048, 1583, 1583, 0
2048, 1584, 1584, 0
2048, 1585, 1585, 0
2048, 1586, 1586, 0
2048, 1587, 1587, 0
2048, 1588, 1588, 0
2048, 1589, 1589, 0
2048, 1590, 1590, 0
2048, 1591, 1591, 0
2048, 1592, 1592, 0
2048, 1593, 1593, 0
2048, 1594, 1594, 0
2048, 1595, 1595, 0
2048, 1596, 1596, 0
2048, 1597, 1597, 0
2048, 1598, 1598, 0
2048, 1599, 1599, 0
2048, 1600, 1600, 0
2048, 1601, 1601, 0
2048, 1602, 1602, 0
2048, 1603, 1603, 0
2048, 1604, 1604, 0
2048, 1605, 1605, 0
2048, 1606, 1606, 0
2048, 1607, 1607, 0
2048, 1608, 1608, 0
2048, 1609, 1609, 0
2048, 1610, 1610, 0
2048, 1611, 1611, 0
2048, 1612, 1612, 0
2048, 1613, 1613, 0
2048, 1614, 1614, 0
2048, 1615, 1615, 0
2048, 1616, 1616, 0
2048, 1617, 1617, 0
2048, 1618, 1618, 0
2048, 1619, 1619, 0
2048, 1620, 1620, 0
2048, 1621, 1621, 0
2048, 1622, 1622, 0
2048, 1623, 1623, 0
2048, 1624, 1624, 0
2048, 1625, 1625, 0
2048, 1626, 1626, 0
2048, 1627, 1627, 0
2048, 1628, 1628, 0
2048, 1629, 1629, 0
2048, 1630, 1630, 0
2048, 1631, 1631, 0
2048, 1632, 1632, 0
2048, 1633, 1633, 0
2048, 1634, 1634, 0
2048, 1635, 1635, 0
2048, 1636, 1636, 0
2048, 1637, 1637, 0
2048, 1638, 1638, 0
2048, 1639, 1639, 0
2048, 1640, 1640, 0
2048, 1641, 1641, 0
2048, 1642, 1642, 0
2048, 1643, 1643, 0
2048, 1644, 1644, 0
2048, 1645, 1645, 0
2048, 1646, 1646, 0
2048, 1647, 1647, 0
2048, 1648, 1648, 0
2048, 1649, 1649, 0
2048, 1650, 1650, 0
2048, 1651, 1651, 0
2048, 1652, 1652, 0
2048, 1653, 1653, 0
2048, 1654, 1654, 0
2048, 1655, 1655, 0
2048, 1656, 1656, 0
2048, 1657, 1657, 0
2048, 1658, 1658, 0
2048, 1659, 1659, 0
2048, 1660, 1660, 0
2048, 1661, 1661, 0
2048, 1662, 1662, 0
2048, 1663, 1663, 0
2048, 1664, 1664, 0
2048, 1665, 1665, 0
2048, 1666, 1666, 0
2048, 1667, 1667, 0
2048, 1668, 1668, 0
2048, 1669, 1669, 0
2048, 1670, 1670, 0
2048, 1671, 1671, 0
2048, 1672, 1672, 0
2048, 1673, 1673, 0
2048, 1674, 1674, 0
2048, 1675, 1675, 0
2048, 1676, 1676, 0
2048, 1677, 1677, 0
2048, 1678, 1678, 0
2048, 1679, 1679, 0
2048, 1680, 1680, 0
2048, 1681, 1681, 0
2048, 1682, 1682, 0
2048, 1683, 1683, 0
2048, 1684, 1684, 0
2048, 1685, 1685, 0
2048, 1686, 1686, 0
2048, 1687, 1687, 0
2048, 1688, 1688, 0
2048, 1689, 1689, 0
2048, 1690, 1690, 0
2048, 1691, 1691, 0
2048, 1692, 1692, 0
2048, 1693, 1693, 0
2048, 1694, 1694, 0
2048, 1695, 1695, 0
2048, 1696, 1696, 0
2048, 1697, 1697, 0
2048, 1698, 1698, 0
2048, 1699, 1699, 0
2048, 1700, 1700, 0
2048, 1701, 1701, 0
2048, 1702, 1702, 0
2048, 1703, 1703, 0
2048, 1704, 1704, 0
2048, 1705, 1705, 0
2048, 1706, 1706, 0
2048, 1707, 1707, 0
2048, 1708, 1708, 0
2048, 1709, 1709, 0
2048, 1710, 1710, 0
2048, 1711, 1711, 0
2048, 1712, 1712, 0
2048, 1713, 1713, 0
2048, 1714, 1714, 0
2048, 1715, 1715, 0
2048, 1716, 1716, 0
2048, 1717, 1717, 0
2048, 1718, 1718, 0
2048, 1719, 1719, 0
2048, 1720, 1720, 0
2048, 1721, 1721, 0
2048, 1722, 1722, 0
2048, 1723, 1723, 0
2048, 1724, 1724, 0
2048, 1725, 1725, 0
2048, 1726, 1726, 0
2048, 1727, 1727, 0
2048, 1728, 1728, 0
2048, 1729, 1729, 0
2048, 1730, 1730, 0
2048, 1731, 1731, 0
2048, 1732, 1732, 0
2048, 1733, 1733, 0
2048, 1734, 1734, 0
2048, 1735, 1735, 0
2048, 1736, 1736, 0
2048, 1737, 1737, 0
2048, 1738, 1738, 0
2048, 1739, 1739, 0
2048, 1740, 1740, 0
2048, 1741, 1741, 0
2048, 1742, 1742, 0
2048, 1743, 1743, 0
2048, 1744, 1744, 0
2048, 1745, 1745, 0
2048, 1746, 1746, 0
2048, 1747, 1747, 0
2048, 1748, 1748, 0
2048, 1749, 1749, 0
2048, 1750, 1750, 0
2048, 1751, 1751, 0
2048, 1752, 1752, 0
2048, 1753, 1753, 0
2048, 1754, 1754, 0
2048, 1755, 1755, 0
2048, 1756, 1756, 0
2048, 1757, 1757, 0
2048, 1758, 1758, 0
2048, 1759, 1759, 0
2048, 1760, 1760, 0
2048, 1761, 1761, 0
2048, 1762, 1762, 0
2048, 1763, 1763, 0
2048, 1764, 1764, 0
2048, 1765, 1765, 0
2048, 1766, 1766, 0
2048, 1767, 1767, 0
2048, 1768, 1768, 0
2048, 1769, 1769, 0
2048, 1770, 1770, 0
2048, 1771, 1771, 0
2048, 1772, 1772, 0
2048, 1773, 1773, 0
2048, 1774, 1774, 0
2048, 1775, 1775, 0
2048, 1776, 1776, 0
2048, 1777, 1777, 0
2048, 1778, 1778, 0
2048, 1779, 1779, 0
2048, 1780, 1780, 0
2048, 1781, 1781, 0
2048, 1782, 1782, 0
2048, 1783, 1783, 0
2048, 1784, 1784, 0
2048, 1785, 1785, 0
2048, 1786, 1786, 0
2048, 1787, 1787, 0
2048, 1788, 1788, 0
2048, 1789, 1789, 0
2048, 1790, 1790, 0
2048, 1791, 1791, 0
2048, 1792, 1792, 0
2048, 1793, 1793, 0
2048, 1794, 1794, 0
2048, 1795, 1795, 0
2048, 1796, 1796, 0
2048, 1797, 1797, 0
2048, 1798, 1798, 0
2048, 1799, 1799, 0
2048, 1800, 1800, 0
2048, 1801, 1801, 0
2048, 1802, 1802, 0
2048, 1803, 1803, 0
2048, 1804, 1804, 0
2048, 1805, 1805, 0
2048, 1806, 1806, 0
2048, 1807, 1807, 0
2048, 1808, 1808, 0
2048, 1809, 1809, 0
2048, 1810, 1810, 0
2048, 1811, 1811, 0
2048, 1812, 1812, 0
2048, 1813, 1813, 0
2048, 1814, 1814, 0
2048, 1815, 1815, 0
2048, 1816, 1816, 0
2048, 1817, 1817, 0
2048, 1818, 1818, 0
2048, 1819, 1819, 0
2048, 1820, 1820, 0
2048, 1821, 1821, 0
2048, 1822, 1822, 0
2048, 1823, 1823, 0
2048, 1824, 1824, 0
2048, 1825, 1825, 0
2048, 1826, 1826, 0
2048, 1827, 1827, 0
2048, 1828, 1828, 0
2048, 1829, 1829, 0
2048, 1830, 1830, 0
2048, 1831, 1831, 0
2048, 1832, 1832, 0
2048, 1833, 1833, 0
2048, 1834, 1834, 0
2048, 1835, 1835, 0
2048, 1836, 1836, 0
2048, 1837, 1837, 0
2048, 1838, 1838, 0
2048, 1839, 1839, 0
2048, 1840, 1840, 0
2048, 1841, 1841, 0
2048, 1842, 1842, 0
2048, 1843, 1843, 0
2048, 1844, 1844, 0
2048, 1845, 1845, 0
2048, 1846, 1846, 0
2048, 1847, 1847, 0
2048, 1848, 1848, 0
2048, 1849, 1849, 0
2048, 1850, 1850, 0
2048, 1851, 1851, 0
2048, 1852, 1852, 0
2048, 1853, 1853, 0
2048, 1854, 1854, 0
2048, 1855, 1855, 0
2048, 1856, 1856, 0
2048, 1857, 1857, 0
2048, 1858, 1858, 0
2048, 1859, 1859, 0
2048, 1860, 1860, 0
2048, 1861, 1861, 0
2048, 1862, 1862, 0
2048, 1863, 1863, 0
2048, 1864, 1864, 0
2048, 1865, 1865, 0
2048, 1866, 1866, 0
2048, 1867, 1867, 0
2048, 1868, 1868, 0
2048, 1869, 1869, 0
2048, 1870, 1870, 0
2048, 1871, 1871, 0
2048, 1872, 1872, 0
2048, 1873, 1873, 0
2048, 1874, 1874, 0
2048, 1875, 1875, 0
2048, 1876, 1876, 0
2048, 1877, 1877, 0
2048, 1878, 1878, 0
2048, 1879, 1879, 0
2048, 1880, 1880, 0
2048, 1881, 1881, 0
2048, 1882, 1882, 0
2048, 1883, 1883, 0
2048, 1884, 1884, 0
2048, 1885, 1885, 0
2048, 1886, 1886, 0
2048, 1887, 1887, 0
2048, 1888, 1888, 0
2048, 1889, 1889, 0
2048, 1890, 1890, 0
2048, 1891, 1891, 0
2048, 1892, 1892, 0
2048, 1893, 1893, 0
2048, 1894, 1894, 0
2048, 1895, 1895, 0
2048, 1896, 1896, 0
2048, 1897, 1897, 0
2048, 1898, 1898, 0
2048, 1899, 1899, 0
2048, 1900, 1900, 0
2048, 1901, 1901, 0
2048, 1902, 1902, 0
2048, 1903, 1903, 0
2048, 1904, 1904, 0
2048, 1905, 1905, 0
2048, 1906, 1906, 0
2048, 1907, 1907, 0
2048, 1908, 1908, 0
2048, 1909, 1909, 0
2048, 1910, 1910, 0
2048, 1911, 1911, 0
2048, 1912, 1912, 0
2048, 1913, 1913, 0
2048, 1914, 1914, 0
2048, 1915, 1915, 0
2048, 1916, 1916, 0
2048, 1917, 1917, 0
2048, 1918, 1918, 0
2048, 1919, 1919, 0
2048, 1920, 1920, 0
2048, 1921, 1921, 0
2048, 1922, 1922, 0
2048, 1923, 1923, 0
2048, 1924, 1924, 0
2048, 1925, 1925, 0
2048, 1926, 1926, 0
2048, 1927, 1927, 0
2048, 1928, 1928, 0
2048, 1929, 1929, 0
2048, 1930, 1930, 0
2048, 1931, 1931, 0
2048, 1932, 1932, 0
2048, 1933, 1933, 0
2048, 1934, 1934, 0
2048, 1935, 1935, 0
2048, 1936, 1936, 0
2048, 1937, 1937, 0
2048, 1938, 1938, 0
2048, 1939, 1939, 0
2048, 1940, 1940, 0
2048, 1941, 1941, 0
2048, 1942, 1942, 0
2048, 1943, 1943, 0
2048, 1944, 1944, 0
2048, 1945, 1945, 0
2048, 1946, 1946, 0
2048, 1947, 1947, 0
2048, 1948, 1948, 0
2048, 1949, 1949, 0
2048, 1950, 1950, 0
2048, 1951, 1951, 0
2048, 1952, 1952, 0
2048, 1953, 1953, 0
2048, 1954, 1954, 0
2048, 1955, 1955, 0
2048, 1956, 1956, 0
2048, 1957, 1957, 0
2048, 1958, 1958, 0
2048, 1959, 1959, 0
2048, 1960, 1960, 0
2048, 1961, 1961, 0
2048, 1962, 1962, 0
2048, 1963, 1963, 0
2048, 1964, 1964, 0
2048, 1965, 1965, 0
2048, 1966, 1966, 0
2048, 1967, 1967, 0
2048, 1968, 1968, 0
2048, 1969, 1969, 0
2048, 1970, 1970, 0
2048, 1971, 1971, 0
2048, 1972, 1972, 0
2048, 1973, 1973, 0
2048, 1974, 1974, 0
2048, 1975, 1975, 0
2048, 1976, 1976, 0
2048, 1977, 1977, 0
2048, 1978, 1978, 0
2048, 1979, 1979, 0
2048, 1980, 1980, 0
2048, 1981, 1981, 0
2048, 1982, 1982, 0
2048, 1983, 1983, 0
2048, 1984, 1984, 0
2048, 1985, 1985, 0
2048, 1986, 1986, 0
2048, 1987, 1987, 0
2048, 1988, 1988, 0
2048, 1989, 1989, 0
2048, 1990, 1990, 0
2048, 1991, 1991, 0
2048, 1992, 1992, 0
2048, 1993, 1993, 0
2048, 1994, 1994, 0
2048, 1995, 1995, 0
2048, 1996, 1996, 0
2048, 1997, 1997, 0
2048, 1998, 1998, 0
2048, 1999, 1999, 0
2048, 2000, 2000, 0
2048, 2001, 2001, 0
2048, 2002, 2002, 0
2048, 2003, 2003, 0
2048, 2004, 2004, 0
2048, 2005, 2005, 0
2048, 2006, 2006, 0
2048, 2007, 2007, 0
2048, 2008, 2008, 0
2048, 2009, 2009, 0
2048, 2010, 2010, 0
2048, 2011, 2011, 0
2048, 2012, 2012, 0
2048, 2013, 2013, 0
2048, 2014, 2014, 0
2048, 2015, 2015, 0
2048, 2016, 2016, 0
2048, 2017, 2017, 0
2048, 2018, 2018, 0
2048, 2019, 2019, 0
2048, 2020, 2020, 0
2048, 2021, 2021, 0
2048, 2022, 2022, 0
2048, 2023, 2023, 0
2048, 2024, 2024, 0
2048, 2025, 2025, 0
2048, 2026, 2026, 0
2048, 2027, 2027, 0
2048, 2028, 2028, 0
2048, 2029, 2029, 0
2048, 2030, 2030, 0
2048, 2031, 2031, 0
2048, 2032, 2032, 0
2048, 2033, 2033, 0
2048, 2034, 2034, 0
2048, 2035, 2035, 0
2048, 2036, 2036, 0
2048, 2037, 2037, 0
2048, 2038, 2038, 0
2048, 2039, 2039, 0
2048, 2040, 2040, 0
2048, 2041, 2041, 0
2048, 2042, 2042, 0
2048, 2043, 2043, 0
2048, 2044, 2044, 0
2048, 2045, 2045, 0
2048, 2046, 2046, 0
2048, 2047, 2047, 0
2048, 2048, 2048, 0
